{"search":"gamification","showTags":false,"showAttachments":false,"hideUnresolved":true,"showOrphans":false,"showArrow":true,"textFadeMultiplier":-0.7,"nodeSizeMultiplier":1.60157127808989,"lineSizeMultiplier":4.23695575842697,"centerStrength":0.467872191011236,"repelStrength":13.3672752808989,"linkStrength":0.437324438202247,"linkDistance":390,"scale":0.6301854471040967}